input_pois,target_sequence
1dbddc57-3a40-468d-b7fe-8c0b75e8570e 6da1784f-1a76-4b7c-a758-e7ccc2c3993b 5f15479a-b59c-49f2-b310-7392d756b716 31b2206d-cd52-4561-bf79-10f2b9612c1e 64160910-332a-4243-8e36-b0d3dd55c629 4a3cedbe-97a2-48d6-bef5-8e7fdff5f40c 1fc65d2a-eb74-4a85-90b2-a6b8568da4c1 99b2100f-7a12-4544-8d7b-123330628fd9 38ef8d65-750a-43c8-b8c5-344f2d23bb8c 6f95d0ae-38ee-4388-ad07-24c13cdb3026 24e7d2d3-c383-4983-94b9-2b6e00d6d281 1ec51ec9-64f0-4be1-998b-f27ff7d65ccf 07fa08a8-9db9-43b6-b4df-ddf372d97cc8 71603c64-7375-4528-8605-cf3f69e80475 7cfd1498-bca8-4908-8397-a98fe210e670 dc939423-7e45-47af-b872-6db8fb255a0a 229ef998-5aa4-4d60-8da4-99d34bb74e36 a728977b-8756-4b7f-8ee5-18f94e5cbba6 4f3865b2-a0a8-4213-bb37-54f899cbd414 1e88e018-8ea0-4f01-af5f-0cca43c1479f c451129d-bbdd-40bc-994b-fc1899ade264 9982257e-18a6-4d63-88cb-fe5b9adbe1c4 e27f4283-16c7-480e-b965-822a2d8253da aa68261a-2080-40cb-a596-68daf8944c97 3cc1cfc2-7bbb-4fef-9526-1470a29c8b8d 5437234e-750c-4664-9593-dc80c3da134c d231c5d1-494c-4c10-ade0-1fc26c3c6764 cddb805d-d27e-4b3c-82f2-a71b06f85515 b7cf6192-1c3f-479d-99c6-eb69529610dc 126d6801-20d3-4576-b3dd-4835876b0f9e,01ca0afb-817b-474c-b752-d0b566efab5d bf5e115d-7b20-4d2c-be11-2a14a2eba873 a92c9ddd-4df6-4d28-a233-5ff85f7e3489 87c1f770-6edc-4714-9e5c-cab4b1bbe923
1dbddc57-3a40-468d-b7fe-8c0b75e8570e 6da1784f-1a76-4b7c-a758-e7ccc2c3993b 5f15479a-b59c-49f2-b310-7392d756b716 31b2206d-cd52-4561-bf79-10f2b9612c1e 64160910-332a-4243-8e36-b0d3dd55c629 4a3cedbe-97a2-48d6-bef5-8e7fdff5f40c 1fc65d2a-eb74-4a85-90b2-a6b8568da4c1 99b2100f-7a12-4544-8d7b-123330628fd9 38ef8d65-750a-43c8-b8c5-344f2d23bb8c 6f95d0ae-38ee-4388-ad07-24c13cdb3026 9d403e65-0d7b-48da-b09d-d97b6eb2e1cd b820a947-a67f-45f7-94ae-df64698b2e72 3fffd7a7-b3b5-4d85-8090-8b2e172ace28 8855fdf8-b919-40ef-a7e4-52d0dcde7257 aa43be5c-408c-47f7-8448-a6ec1e0ff7a0 fd6e712d-8ba4-4553-b4e5-acb51c12a786 36f8ea89-1a42-43f2-ac03-9d13e82ccf62 de7ddebd-9c62-404c-8239-990042d3ba0e d708fbf6-6f80-4f21-83b6-aaed4566eb3e d7796449-5365-43c4-a897-3a985c38e7c2 9982257e-18a6-4d63-88cb-fe5b9adbe1c4 85923da1-e26f-407d-9f08-2444b4399ace 2d203c6e-093c-4c0e-9ca7-022fbcaa7101 40788b6e-a3be-4964-8d0b-19106f848265 68434cbc-4549-4478-92b0-bb5eaf4d410a 24130375-fbf2-4211-b203-bc73cbdd3257 360d4916-ed5b-4297-986b-0c64eb9ebe7e 9f3719ac-b9b7-4a7c-970d-db39e5823bcf 806bc3b8-c16c-4a25-b143-975786980edf acc7bede-ad9f-402e-9b1e-fc9f85a03412,64160910-332a-4243-8e36-b0d3dd55c629 87b068fd-0010-477c-89d2-bd7887371df9 1163d838-2a58-4db6-b531-df47f603e9b0 ae7472c4-03f5-4822-8553-c03c8ef6a592 c99356f3-0b56-4afb-9a11-3016a3fa633d
1dbddc57-3a40-468d-b7fe-8c0b75e8570e 6da1784f-1a76-4b7c-a758-e7ccc2c3993b 5f15479a-b59c-49f2-b310-7392d756b716 31b2206d-cd52-4561-bf79-10f2b9612c1e 64160910-332a-4243-8e36-b0d3dd55c629 4a3cedbe-97a2-48d6-bef5-8e7fdff5f40c 1fc65d2a-eb74-4a85-90b2-a6b8568da4c1 99b2100f-7a12-4544-8d7b-123330628fd9 38ef8d65-750a-43c8-b8c5-344f2d23bb8c 6f95d0ae-38ee-4388-ad07-24c13cdb3026 4bfc8e4b-bd53-49f4-8721-ff70dfb729a9 06b374ed-93c9-4ab1-a034-7a793156a16c 753931fa-98f4-44b3-bf4a-70c8f7bab0de df2fe6c5-b732-4da0-8809-d778c1718d15 533e4b1f-d54c-41b9-90b4-bb630bb89c32 98b4bc43-c36c-46dc-a82d-b982102ec102 cb3071bb-e2eb-4974-8930-6f66033fe28b bf472633-058a-480f-a87f-9b88a006e17a 2b051189-ed67-44d6-a585-261901b42586 955c2dfe-b0c9-44ee-b573-56894f3afbb7 9982257e-18a6-4d63-88cb-fe5b9adbe1c4 85923da1-e26f-407d-9f08-2444b4399ace 2d203c6e-093c-4c0e-9ca7-022fbcaa7101 40788b6e-a3be-4964-8d0b-19106f848265 68434cbc-4549-4478-92b0-bb5eaf4d410a 24130375-fbf2-4211-b203-bc73cbdd3257 360d4916-ed5b-4297-986b-0c64eb9ebe7e 9f3719ac-b9b7-4a7c-970d-db39e5823bcf 806bc3b8-c16c-4a25-b143-975786980edf acc7bede-ad9f-402e-9b1e-fc9f85a03412,6f95d0ae-38ee-4388-ad07-24c13cdb3026 8090f042-d0cf-4a63-a3e3-a688434611ee 79f41d6a-8723-4b51-a975-a677e85668d9
1dbddc57-3a40-468d-b7fe-8c0b75e8570e 6da1784f-1a76-4b7c-a758-e7ccc2c3993b 5f15479a-b59c-49f2-b310-7392d756b716 31b2206d-cd52-4561-bf79-10f2b9612c1e 64160910-332a-4243-8e36-b0d3dd55c629 4a3cedbe-97a2-48d6-bef5-8e7fdff5f40c 1fc65d2a-eb74-4a85-90b2-a6b8568da4c1 99b2100f-7a12-4544-8d7b-123330628fd9 38ef8d65-750a-43c8-b8c5-344f2d23bb8c 6f95d0ae-38ee-4388-ad07-24c13cdb3026 b820a947-a67f-45f7-94ae-df64698b2e72 9d403e65-0d7b-48da-b09d-d97b6eb2e1cd 3fffd7a7-b3b5-4d85-8090-8b2e172ace28 cd61a2d8-3e90-49e7-8905-2da2eef396c0 a3936b32-937e-4d6c-bc04-6d671da46b74 cf71ce61-18f1-4efa-a36b-90af2c1d06c0 feda63b7-d87a-4b98-983c-34dc191ba637 72be65d6-0820-4caa-bb1a-eacba4398fc3 8855fdf8-b919-40ef-a7e4-52d0dcde7257 aa43be5c-408c-47f7-8448-a6ec1e0ff7a0 9982257e-18a6-4d63-88cb-fe5b9adbe1c4 7eea36b9-596f-45d5-844b-6855e1d4e421 2d203c6e-093c-4c0e-9ca7-022fbcaa7101 85923da1-e26f-407d-9f08-2444b4399ace d1beb7c1-3f26-4e3b-a232-e0dd1c62f397 375d5f3a-455c-4816-8cee-4c6e8479d615 ba024b82-843e-4255-8cad-58396d90aa8d c11befde-4d68-42bf-9c86-444fdab03a33 24130375-fbf2-4211-b203-bc73cbdd3257 68434cbc-4549-4478-92b0-bb5eaf4d410a,1dbddc57-3a40-468d-b7fe-8c0b75e8570e 278a3d0a-cbfb-4efd-bcf3-bd7c663c3bbf 4a21370b-b748-4a4e-9a65-79a5931c0693 45053415-c5ce-424d-819d-d7acf47ef483
1dbddc57-3a40-468d-b7fe-8c0b75e8570e 6da1784f-1a76-4b7c-a758-e7ccc2c3993b 5f15479a-b59c-49f2-b310-7392d756b716 31b2206d-cd52-4561-bf79-10f2b9612c1e 64160910-332a-4243-8e36-b0d3dd55c629 4a3cedbe-97a2-48d6-bef5-8e7fdff5f40c 1fc65d2a-eb74-4a85-90b2-a6b8568da4c1 99b2100f-7a12-4544-8d7b-123330628fd9 38ef8d65-750a-43c8-b8c5-344f2d23bb8c 6f95d0ae-38ee-4388-ad07-24c13cdb3026 382cfdd8-abf4-40f2-98dd-42c598b945a8 3f4a360c-b78d-4f1f-81b8-dd9a301cebf7 223f413c-8c5c-46e1-84f9-d136bc061630 9981ede1-60fc-4b8e-8ed8-41f65af3c19c bf472633-058a-480f-a87f-9b88a006e17a 2b051189-ed67-44d6-a585-261901b42586 49a3f691-f2e4-4f74-a0d2-b0e53e4fe8b7 049d5f38-1fa2-4b98-a38d-280a66b7346a 405d3c8b-ccc6-4e77-85a7-c98f08225b51 15bbb59c-10d7-4599-b9d6-2856f955869a 9982257e-18a6-4d63-88cb-fe5b9adbe1c4 85923da1-e26f-407d-9f08-2444b4399ace 2d203c6e-093c-4c0e-9ca7-022fbcaa7101 40788b6e-a3be-4964-8d0b-19106f848265 68434cbc-4549-4478-92b0-bb5eaf4d410a 24130375-fbf2-4211-b203-bc73cbdd3257 360d4916-ed5b-4297-986b-0c64eb9ebe7e 9f3719ac-b9b7-4a7c-970d-db39e5823bcf 806bc3b8-c16c-4a25-b143-975786980edf acc7bede-ad9f-402e-9b1e-fc9f85a03412,4a3cedbe-97a2-48d6-bef5-8e7fdff5f40c e9d40df3-a120-4cfc-8607-433ef826b908 b2345e4a-818d-452f-a58a-6f5b7020c2f0 23faa21b-9125-4353-bf81-97bad4e3dbf0 beb88649-d085-4b56-8d4e-5400dfab62e2
1dbddc57-3a40-468d-b7fe-8c0b75e8570e 6da1784f-1a76-4b7c-a758-e7ccc2c3993b 5f15479a-b59c-49f2-b310-7392d756b716 31b2206d-cd52-4561-bf79-10f2b9612c1e 64160910-332a-4243-8e36-b0d3dd55c629 4a3cedbe-97a2-48d6-bef5-8e7fdff5f40c 1fc65d2a-eb74-4a85-90b2-a6b8568da4c1 99b2100f-7a12-4544-8d7b-123330628fd9 38ef8d65-750a-43c8-b8c5-344f2d23bb8c 6f95d0ae-38ee-4388-ad07-24c13cdb3026 6c6c6e0b-fa9a-4393-b9c6-8879572b4bb1 446ab6c2-ae10-4e6c-8ab7-fd55617c70aa 83f19f6f-1ae6-4fc1-b77c-f7b349867087 cd61a2d8-3e90-49e7-8905-2da2eef396c0 a3936b32-937e-4d6c-bc04-6d671da46b74 b9dfb65d-4ef6-437e-b5ad-058e4fb2288e 87a1c2c8-7dfd-4a2b-a1aa-551ef2dfb5ef dda3734b-22dc-4fa3-a2ab-4cfe6eba7a3f a97c440c-52a1-43e5-8d51-b4961ffab1ef 0ef46e9c-475c-4def-ab70-c6990022e3b8 9982257e-18a6-4d63-88cb-fe5b9adbe1c4 85923da1-e26f-407d-9f08-2444b4399ace 2d203c6e-093c-4c0e-9ca7-022fbcaa7101 40788b6e-a3be-4964-8d0b-19106f848265 68434cbc-4549-4478-92b0-bb5eaf4d410a 24130375-fbf2-4211-b203-bc73cbdd3257 360d4916-ed5b-4297-986b-0c64eb9ebe7e 9f3719ac-b9b7-4a7c-970d-db39e5823bcf 806bc3b8-c16c-4a25-b143-975786980edf acc7bede-ad9f-402e-9b1e-fc9f85a03412,9982257e-18a6-4d63-88cb-fe5b9adbe1c4 c617363a-714e-4264-8de6-6eb97d0258ce 3af37ae5-8332-4847-9f49-c33d19995349 4d266a53-14b2-4a58-8b42-bb122cfe9568 0d89a1e2-43cf-499b-959b-e157b702cb7b 9786a352-321a-4bd3-a948-ad0639f5d5c9
1dbddc57-3a40-468d-b7fe-8c0b75e8570e 6da1784f-1a76-4b7c-a758-e7ccc2c3993b 5f15479a-b59c-49f2-b310-7392d756b716 31b2206d-cd52-4561-bf79-10f2b9612c1e 64160910-332a-4243-8e36-b0d3dd55c629 4a3cedbe-97a2-48d6-bef5-8e7fdff5f40c 1fc65d2a-eb74-4a85-90b2-a6b8568da4c1 99b2100f-7a12-4544-8d7b-123330628fd9 38ef8d65-750a-43c8-b8c5-344f2d23bb8c 6f95d0ae-38ee-4388-ad07-24c13cdb3026 a97c440c-52a1-43e5-8d51-b4961ffab1ef 0ef46e9c-475c-4def-ab70-c6990022e3b8 811c5ae7-ea3c-4a52-b46b-5da1f863c5d1 4fea61b9-359d-4809-a21c-cd4b2e8fa26c 64cbe00f-6532-485a-a110-bc973fd60e8f 78aa4d22-2b1d-43e4-8a1d-d1ef3273518a 0ec14c6a-924e-418a-a80c-8ec2112deb3f f5c52b9f-0567-4023-9a2b-deb2cfa47e7d d23673ee-674b-409a-a51a-d1333177c1c7 ff4cd74a-63c6-40f5-9237-f268c5da2798 b24a8d31-ccc9-4df1-b1a5-cda87dc155db 17e83d12-fcf2-409f-9c52-f5a88e3116b0 d44f21b9-f4e5-4254-a0c0-9337330a6046 45a6475f-d41f-4932-8e5c-4cce9d29b815 5d23d9f6-a503-4d06-b26b-02da231f0f6f 071322a0-bfb2-4c99-bebd-f06aa5e93212 9982257e-18a6-4d63-88cb-fe5b9adbe1c4 90473348-fd3a-450a-b3c7-fb8750a81599 cb8cdf08-2472-4d8e-9e39-7929fbc88a90 3e6cde07-0834-496d-bbda-708ef1bb93d8,38ef8d65-750a-43c8-b8c5-344f2d23bb8c 65c03c26-f944-43c0-8aa0-2e70ac4e1984 ce400e29-b382-4db4-8619-2e6b79a927a1
1dbddc57-3a40-468d-b7fe-8c0b75e8570e 6da1784f-1a76-4b7c-a758-e7ccc2c3993b 5f15479a-b59c-49f2-b310-7392d756b716 31b2206d-cd52-4561-bf79-10f2b9612c1e 64160910-332a-4243-8e36-b0d3dd55c629 4a3cedbe-97a2-48d6-bef5-8e7fdff5f40c 1fc65d2a-eb74-4a85-90b2-a6b8568da4c1 99b2100f-7a12-4544-8d7b-123330628fd9 38ef8d65-750a-43c8-b8c5-344f2d23bb8c 6f95d0ae-38ee-4388-ad07-24c13cdb3026 6c6c6e0b-fa9a-4393-b9c6-8879572b4bb1 446ab6c2-ae10-4e6c-8ab7-fd55617c70aa 83f19f6f-1ae6-4fc1-b77c-f7b349867087 5454a8d2-33f0-4378-850d-6985e2fae01a 8b2709cd-a05c-49db-a046-ea1512cd6d5a 1d3efe6b-c653-4c69-9f3d-159ad3c3fa84 02c51f08-310a-4b06-9851-eb6f6a711e05 b7b49623-8f94-4d0e-af45-15d0df588e72 bf472633-058a-480f-a87f-9b88a006e17a 2b051189-ed67-44d6-a585-261901b42586 9982257e-18a6-4d63-88cb-fe5b9adbe1c4 85923da1-e26f-407d-9f08-2444b4399ace 2d203c6e-093c-4c0e-9ca7-022fbcaa7101 40788b6e-a3be-4964-8d0b-19106f848265 68434cbc-4549-4478-92b0-bb5eaf4d410a 24130375-fbf2-4211-b203-bc73cbdd3257 360d4916-ed5b-4297-986b-0c64eb9ebe7e 9f3719ac-b9b7-4a7c-970d-db39e5823bcf 806bc3b8-c16c-4a25-b143-975786980edf acc7bede-ad9f-402e-9b1e-fc9f85a03412,6da1784f-1a76-4b7c-a758-e7ccc2c3993b 28c90709-14c5-4fcc-bdee-b8ba8e420bb8 d69ca797-a852-4047-a2c2-47ea7d7b67e5 0fce6274-393e-4660-ae02-5944b31daf23 efafafe1-e8f7-4e1c-9d63-7e1b72167082
dbb459a4-5912-49fe-94f3-98928a7c58ab 1def5d45-7424-47c6-aa85-98cabce6f76e 1dbddc57-3a40-468d-b7fe-8c0b75e8570e 6da1784f-1a76-4b7c-a758-e7ccc2c3993b 64160910-332a-4243-8e36-b0d3dd55c629 4a3cedbe-97a2-48d6-bef5-8e7fdff5f40c 1fc65d2a-eb74-4a85-90b2-a6b8568da4c1 99b2100f-7a12-4544-8d7b-123330628fd9 38ef8d65-750a-43c8-b8c5-344f2d23bb8c 6f95d0ae-38ee-4388-ad07-24c13cdb3026 10dcdcef-acff-48c0-979d-cf7add62b8e2 f0e9ce36-961d-4460-af8c-9a00e7713134 2c728e71-0301-461b-8962-9d56af7d4dda e4f9fb15-3e0f-40f1-a865-ef3743c8fd8f 00e4229a-d088-48c5-90ff-5bc58e059c61 83ecfa51-383c-4fc0-9905-9205408c7012 cd9c5f6e-d00a-41f7-adae-ba1800dc1b99 aa772519-39d1-4ba4-88ca-b912bf5c91b5 8295f7af-5bcb-4fad-ab4f-0fdfdee11c13 ed7e4a37-d9be-4409-94bc-2ae4ab418536 9982257e-18a6-4d63-88cb-fe5b9adbe1c4 85923da1-e26f-407d-9f08-2444b4399ace 2d203c6e-093c-4c0e-9ca7-022fbcaa7101 40788b6e-a3be-4964-8d0b-19106f848265 68434cbc-4549-4478-92b0-bb5eaf4d410a 24130375-fbf2-4211-b203-bc73cbdd3257 360d4916-ed5b-4297-986b-0c64eb9ebe7e 9f3719ac-b9b7-4a7c-970d-db39e5823bcf 806bc3b8-c16c-4a25-b143-975786980edf acc7bede-ad9f-402e-9b1e-fc9f85a03412,1def5d45-7424-47c6-aa85-98cabce6f76e 99b2100f-7a12-4544-8d7b-123330628fd9 6a984af6-6e17-4515-8b9d-1f637823100b c4103cf5-ae51-4151-b7ab-5c9cb046469b
1dbddc57-3a40-468d-b7fe-8c0b75e8570e 6da1784f-1a76-4b7c-a758-e7ccc2c3993b 5f15479a-b59c-49f2-b310-7392d756b716 31b2206d-cd52-4561-bf79-10f2b9612c1e 64160910-332a-4243-8e36-b0d3dd55c629 4a3cedbe-97a2-48d6-bef5-8e7fdff5f40c 1fc65d2a-eb74-4a85-90b2-a6b8568da4c1 99b2100f-7a12-4544-8d7b-123330628fd9 38ef8d65-750a-43c8-b8c5-344f2d23bb8c 6f95d0ae-38ee-4388-ad07-24c13cdb3026 5838c2d5-8656-42fa-9388-949179585ddb 85415c89-c1df-4d8d-bf5b-2d93a438842a b9b3a46e-ef08-4665-8240-8f360ba9d7a9 a1229a8b-9a09-4c64-80f0-cc12501604dc 39812411-08d7-4306-9bd0-b1ca99cafc6b 4c33f813-257d-448b-b380-bd8848758a0b 2797b2f6-aa21-45f6-b6d7-b517484fb687 b9dfb65d-4ef6-437e-b5ad-058e4fb2288e 87a1c2c8-7dfd-4a2b-a1aa-551ef2dfb5ef 913c4420-8792-4169-91d7-00be5dff378f 9982257e-18a6-4d63-88cb-fe5b9adbe1c4 85923da1-e26f-407d-9f08-2444b4399ace 2d203c6e-093c-4c0e-9ca7-022fbcaa7101 40788b6e-a3be-4964-8d0b-19106f848265 68434cbc-4549-4478-92b0-bb5eaf4d410a 24130375-fbf2-4211-b203-bc73cbdd3257 360d4916-ed5b-4297-986b-0c64eb9ebe7e 9f3719ac-b9b7-4a7c-970d-db39e5823bcf 806bc3b8-c16c-4a25-b143-975786980edf acc7bede-ad9f-402e-9b1e-fc9f85a03412 f2e24f0f-a9d7-42ca-81a7-e85dfc78342e a80d0bd5-45b1-47a1-a210-8190601e7735 5d6c01e0-0af1-48fe-95cf-4db14f8e67e8 191f6bbf-dc58-4d13-8b21-40e470731065 2c27ad88-0c18-42ce-a139-b7913b02b100 491ebc9b-dad0-4885-a7b1-cbab416fc807 188e8fe1-d9d5-48cd-83cd-43fa6dc6320f 09692f6f-e7ac-46b9-a6e2-a811abac715b db93d7e2-fb16-4122-a82a-defee949a727 070379e5-2875-471c-9237-5ed248d1cb6b,1fc65d2a-eb74-4a85-90b2-a6b8568da4c1 588043c9-2dcf-400b-a104-ba1de7824e3d 1502c815-9cac-4588-9591-968cf46094a0 5a8d9a2d-1904-4957-b24f-01e3d002ad84
1dbddc57-3a40-468d-b7fe-8c0b75e8570e 6da1784f-1a76-4b7c-a758-e7ccc2c3993b 5f15479a-b59c-49f2-b310-7392d756b716 31b2206d-cd52-4561-bf79-10f2b9612c1e 64160910-332a-4243-8e36-b0d3dd55c629 4a3cedbe-97a2-48d6-bef5-8e7fdff5f40c 1fc65d2a-eb74-4a85-90b2-a6b8568da4c1 99b2100f-7a12-4544-8d7b-123330628fd9 38ef8d65-750a-43c8-b8c5-344f2d23bb8c 6f95d0ae-38ee-4388-ad07-24c13cdb3026 259deb41-e33f-4fab-a5ee-5880946f7d06 b6eff01e-9a35-437b-bc7e-f5d112195ccd 5454a8d2-33f0-4378-850d-6985e2fae01a 8b2709cd-a05c-49db-a046-ea1512cd6d5a 1d3efe6b-c653-4c69-9f3d-159ad3c3fa84 1f8e0512-03a7-416c-9222-3e8e86069edb feda63b7-d87a-4b98-983c-34dc191ba637 904d68be-bb07-4d67-af26-2353c6707e68 b7b49623-8f94-4d0e-af45-15d0df588e72 02c51f08-310a-4b06-9851-eb6f6a711e05 0fae35b7-ab1d-428c-946d-4ba45b6141a3 b32cb192-0130-4c7d-bbc6-cf4eceeb1e43 6332c0f2-f941-49ed-8b94-91fb47bda8b7 ddd62f23-9a04-49d9-a90f-4c338b675c7e 12ba59d4-c5b3-40e5-aff1-021417fdf701 8bba5d2d-e187-4e84-b8d2-0036f196d0ce 0149d583-76f2-4356-a5e3-ef51a8518f0b 47e36e6a-7b29-4d53-a609-bc8ea8710bbf eaa74710-0477-462a-9c73-41fbd66e7c9e 73a3e149-40c7-4af3-abfd-576f27323dac,259deb41-e33f-4fab-a5ee-5880946f7d06 b6eff01e-9a35-437b-bc7e-f5d112195ccd 0bc730bc-bc00-4e90-a8a9-1f36c77ef5ce 57c87c8d-0185-47bb-b722-b53cc94c449c
1dbddc57-3a40-468d-b7fe-8c0b75e8570e 6da1784f-1a76-4b7c-a758-e7ccc2c3993b 5f15479a-b59c-49f2-b310-7392d756b716 31b2206d-cd52-4561-bf79-10f2b9612c1e 64160910-332a-4243-8e36-b0d3dd55c629 4a3cedbe-97a2-48d6-bef5-8e7fdff5f40c 1fc65d2a-eb74-4a85-90b2-a6b8568da4c1 99b2100f-7a12-4544-8d7b-123330628fd9 38ef8d65-750a-43c8-b8c5-344f2d23bb8c 6f95d0ae-38ee-4388-ad07-24c13cdb3026 86e1dd74-41d4-403a-a34e-75ad67843f01 86d49553-639b-4a37-97c3-f69f620b1fea e25f7e72-f24c-4ad4-829a-13d50f14bd07 12451561-c7bf-4649-80b5-18ef0ea8c276 2ece0eff-bd4d-451a-831f-5b90fe295703 75051e4f-3fb5-40b4-a9e0-19779a6a1fa8 7bb8af91-c10c-4321-9654-ba4fadf6408d efecfabf-9013-446e-b6ea-18c564a699c4 fa761c13-15fe-4e40-9fcb-0e8768026c8b 484755be-3e2b-4389-bd05-0a7081d029c7 9982257e-18a6-4d63-88cb-fe5b9adbe1c4 7eea36b9-596f-45d5-844b-6855e1d4e421 2d203c6e-093c-4c0e-9ca7-022fbcaa7101 85923da1-e26f-407d-9f08-2444b4399ace d1beb7c1-3f26-4e3b-a232-e0dd1c62f397 375d5f3a-455c-4816-8cee-4c6e8479d615 ba024b82-843e-4255-8cad-58396d90aa8d c11befde-4d68-42bf-9c86-444fdab03a33 24130375-fbf2-4211-b203-bc73cbdd3257 68434cbc-4549-4478-92b0-bb5eaf4d410a,31b2206d-cd52-4561-bf79-10f2b9612c1e 4ca9a3ef-a291-4cc0-8e43-25a75e9ea85e 8e56936d-ca06-4f2e-9921-637e8b84e219 9ea9cb0b-7849-4fd4-8115-45b6af32633a
1dbddc57-3a40-468d-b7fe-8c0b75e8570e 6da1784f-1a76-4b7c-a758-e7ccc2c3993b 5f15479a-b59c-49f2-b310-7392d756b716 31b2206d-cd52-4561-bf79-10f2b9612c1e 64160910-332a-4243-8e36-b0d3dd55c629 4a3cedbe-97a2-48d6-bef5-8e7fdff5f40c 1fc65d2a-eb74-4a85-90b2-a6b8568da4c1 99b2100f-7a12-4544-8d7b-123330628fd9 38ef8d65-750a-43c8-b8c5-344f2d23bb8c 6f95d0ae-38ee-4388-ad07-24c13cdb3026 e0c84b24-79fc-45b3-8640-70df9628a0bf 4053bc68-04be-4845-8911-b6191d66f660 59e4a876-5b56-464c-9e64-fadf4728ab18 73635666-c8aa-4e84-a1cc-f7fccefe439b 6875d1b5-a20f-402d-98cb-c8b75e5393f7 97f0cd3a-76b0-4644-873f-4c4dbed67e3e af3ccf0f-d9c1-49be-b7cb-5a54417b2826 3d8c2027-203e-4a34-a45b-d8f860461917 8f6146f8-ba20-40b8-b39c-e5760ce3a8f8 48e38191-9948-4339-8bd2-0e065eda5368 9982257e-18a6-4d63-88cb-fe5b9adbe1c4 85923da1-e26f-407d-9f08-2444b4399ace 2d203c6e-093c-4c0e-9ca7-022fbcaa7101 40788b6e-a3be-4964-8d0b-19106f848265 68434cbc-4549-4478-92b0-bb5eaf4d410a 24130375-fbf2-4211-b203-bc73cbdd3257 360d4916-ed5b-4297-986b-0c64eb9ebe7e 9f3719ac-b9b7-4a7c-970d-db39e5823bcf 806bc3b8-c16c-4a25-b143-975786980edf acc7bede-ad9f-402e-9b1e-fc9f85a03412,5f15479a-b59c-49f2-b310-7392d756b716 020560a6-9dd3-4c87-86b0-824ffe9a9cf0 3267efce-27ac-4a02-8777-3d4eb4d4ab1f
